300,0.571909313
301,0.580055027
302,0.597833004
303,0.592203865
304,0.597989941
305,0.569023457
306,0.557619686
307,0.53553503
308,0.516502495
309,0.497696362
310,0.47771431
311,0.454573221
312,0.440947987
313,0.425471401
314,0.413937281
315,0.403977312
316,0.396928915
317,0.37465436
318,0.367577572
319,0.358473701
320,0.351541006
321,0.355385103
322,0.339846468
323,0.348124603
324,0.340714438
325,0.342269669
326,0.338303471
327,0.331204824
328,0.335694532
329,0.333312349
330,0.34460578
331,0.344719849
332,0.350019459
333,0.348391991
334,0.355888348
335,0.364072475
336,0.368282805
337,0.374870625
338,0.381593891
339,0.389337416
340,0.393338327
341,0.401813164
342,0.411341047
343,0.423802176
344,0.431732254
345,0.442446909
346,0.454762459
347,0.463422337
348,0.478075275
349,0.491462498
350,0.50411644
351,0.516796494
352,0.531809101
353,0.541532841
354,0.555908699
355,0.569006596
356,0.587539616
357,0.602893314
358,0.62023098
359,0.630428886
360,0.648793144
361,0.665198746
362,0.679859638
363,0.693539333
364,0.709278126
365,0.724173241
366,0.738901443
367,0.752150574
368,0.765275269
369,0.779018211
370,0.789898033
371,0.800832062
372,0.812441101
373,0.824668961
374,0.832065086
375,0.842608604
376,0.847672691
377,0.854128113
378,0.862439003
379,0.866729164
380,0.872041168
381,0.878195534
382,0.883783607
383,0.884393234
384,0.888540039
385,0.890058517
386,0.892066612
387,0.893096237
388,0.895446968
389,0.895636177
390,0.896792831
391,0.897546463
392,0.897198296
393,0.897616081
394,0.896329079
395,0.896850243
396,0.896469879
397,0.896369171
398,0.895554581
399,0.895038681
400,0.895025787
401,0.893201294
402,0.892923584
403,0.892549667
404,0.892007942
405,0.890670242
406,0.890330772
407,0.890234795
408,0.889750557
409,0.889977875
410,0.889131813
411,0.887661858
412,0.887711182
413,0.887860375
414,0.886877174
415,0.886955261
416,0.887168007
417,0.886179848
418,0.885872116
419,0.886071129
420,0.886545334
421,0.886184311
422,0.886000786
423,0.885723534
424,0.885420189
425,0.885568085
426,0.885899048
427,0.886309586
428,0.886259651
429,0.885573082
430,0.886331863
431,0.885967865
432,0.886217804
433,0.886279221
434,0.886360893
435,0.886192055
436,0.886566353
437,0.88611805
438,0.886324501
439,0.886249619
440,0.886480637
441,0.886785469
442,0.887224846
443,0.886656647
444,0.886905785
445,0.887022171
446,0.886104622
447,0.886281624
448,0.886194496
449,0.886295433
450,0.886229706
451,0.885922813
452,0.885936585
453,0.886191216
454,0.885947571
455,0.885958633
456,0.885661736
457,0.885429764
458,0.88535984
459,0.885253792
460,0.884762878
461,0.884479752
462,0.884610825
463,0.884545593
464,0.884242783
465,0.884240265
466,0.884085045
467,0.883885307
468,0.883825073
469,0.883437614
470,0.883379211
471,0.883541641
472,0.883096695
473,0.882894287
474,0.88283638
475,0.882853737
476,0.882553558
477,0.882105141
478,0.882150116
479,0.882147064
480,0.881935082
481,0.881809578
482,0.881832695
483,0.881950111
484,0.881548233
485,0.881567345
486,0.881359787
487,0.881374016
488,0.881294174
489,0.881257515
490,0.881174583
491,0.881100693
492,0.880988274
493,0.881373901
494,0.880934753
495,0.881054459
496,0.881014252
497,0.88124115
498,0.881029053
499,0.881108742
500,0.88114296
501,0.881385918
502,0.881262894
503,0.881381302
504,0.881274605
505,0.881425285
506,0.88124752
507,0.881261826
508,0.881404038
509,0.881408119
510,0.88150589
511,0.881531067
512,0.881642418
513,0.881648865
514,0.881733131
515,0.881765137
516,0.882084579
517,0.88211853
518,0.882085533
519,0.882113571
520,0.882275887
521,0.882263298
522,0.882430992
523,0.882536125
524,0.882449989
525,0.882752914
526,0.882755814
527,0.882989349
528,0.882825699
529,0.883089981
530,0.883161888
531,0.883171501
532,0.883328171
533,0.883202133
534,0.883317986
535,0.883535843
536,0.883472672
537,0.883665695
538,0.883689766
539,0.883914681
540,0.883642044
541,0.883959694
542,0.884001122
543,0.883996811
544,0.884352264
545,0.884177742
546,0.884250679
547,0.884288406
548,0.884447365
549,0.884321213
550,0.884531975
551,0.884526558
552,0.884517555
553,0.884331818
554,0.88470623
555,0.884694862
556,0.884623451
557,0.884834862
558,0.884869957
559,0.88479187
560,0.884738121
561,0.884684486
562,0.884853401
563,0.884915886
564,0.885054894
565,0.885051575
566,0.884927368
567,0.885028038
568,0.885049667
569,0.88503479
570,0.885320549
571,0.88512722
572,0.88511879
573,0.885441284
574,0.885263443
575,0.885233192
576,0.885421906
577,0.885310631
578,0.885556335
579,0.885468941
580,0.885417137
581,0.88566925
582,0.885601234
583,0.885464401
584,0.885888176
585,0.885737648
586,0.885916252
587,0.885781479
588,0.88581707
589,0.885868187
590,0.885835228
591,0.88595089
592,0.88589016
593,0.885861511
594,0.885958633
595,0.886231537
596,0.886315575
597,0.886300888
598,0.88626255
599,0.886303749
600,0.886595421
601,0.886571579
602,0.88660965
603,0.886574707
604,0.886596756
605,0.886697235
606,0.886825867
607,0.887069359
608,0.88698101
609,0.88693409
610,0.886941605
611,0.887163887
612,0.887294083
613,0.887628365
614,0.887490463
615,0.887395859
616,0.887655487
617,0.887663574
618,0.887936897
619,0.887504311
620,0.888052979
621,0.887865257
622,0.88823349
623,0.888153534
624,0.888355675
625,0.888280411
626,0.888420067
627,0.888589325
628,0.888746643
629,0.8889571
630,0.888951607
631,0.889119301
632,0.888996353
633,0.889177742
634,0.889321175
635,0.88954319
636,0.889521065
637,0.889600296
638,0.889996681
639,0.889769363
640,0.890003052
641,0.890131683
642,0.890166092
643,0.890366325
644,0.890436592
645,0.890428276
646,0.890456963
647,0.890776367
648,0.890620079
649,0.890999107
650,0.89088913
651,0.89112236
652,0.891081276
653,0.891243858
654,0.891237183
655,0.89131752
656,0.891336098
657,0.891330795
658,0.891494026
659,0.891594582
660,0.891776123
661,0.891719322
662,0.891889725
663,0.891846962
664,0.891863327
665,0.891950264
666,0.89194706
667,0.892108612
668,0.892090149
669,0.892102318
670,0.892144852
671,0.892148209
672,0.892143402
673,0.892398338
674,0.892138252
675,0.892405968
676,0.892207336
677,0.89224865
678,0.89213295
679,0.891954308
680,0.89223217
681,0.892000084
682,0.892013321
683,0.892212029
684,0.891892967
685,0.892117195
686,0.891896362
687,0.891961975
688,0.891835632
689,0.891721535
690,0.891625977
691,0.891466255
692,0.891686783
693,0.891635704
694,0.891421051
695,0.891347733
696,0.891357193
697,0.891037483
698,0.890988274
699,0.890804482
700,0.890554504
701,0.890799217
702,0.890363007
703,0.890242233
704,0.890236855
705,0.889882011
706,0.889693947
707,0.889761353
708,0.889291077
709,0.889345551
710,0.889082298
711,0.889038467
712,0.888482056
713,0.888307114
714,0.888347893
715,0.888055267
716,0.888036499
717,0.888000031
718,0.887468033
719,0.887200508
720,0.886434174
721,0.885614815
722,0.884941635
723,0.88517849
724,0.884848671
725,0.885203857
726,0.884598122
727,0.883905716
728,0.883423386
729,0.883423615
730,0.883268356
731,0.883096352
732,0.882940865
733,0.88213028
734,0.881997986
735,0.881458931
736,0.881049461
737,0.880959892
738,0.880510139
739,0.880108566
740,0.879807053
741,0.879027672
742,0.879053612
743,0.878057098
744,0.878366661
745,0.877628861
746,0.877260933
747,0.877035599
748,0.876639786
749,0.875982208
750,0.875575829
751,0.874897232
752,0.874622345
753,0.874118805
754,0.873600159
755,0.873426933
756,0.872852364
757,0.872490349
758,0.872035255
759,0.871198998
760,0.870835571
761,0.870240898
762,0.869775085
763,0.869035645
764,0.8687677
765,0.868455505
766,0.867745438
767,0.867640953
768,0.867000771
769,0.865937729
770,0.865793572
771,0.865277977
772,0.864487495
773,0.863935394
774,0.863150406
775,0.862784195
776,0.862294731
777,0.861337547
778,0.861361923
779,0.86069706
780,0.859869385
781,0.859772491
782,0.85901432
783,0.857995682
784,0.857891617
785,0.857196198
786,0.856830368
787,0.856064682
788,0.855498314
789,0.854979286
790,0.853948975
791,0.85334137
792,0.852960014
793,0.852793121
794,0.85179821
795,0.851372376
796,0.850703354
797,0.850013161
798,0.849197845
799,0.848919411
800,0.848258858
801,0.84783596
802,0.847152367
803,0.846392021
804,0.845696411
805,0.845154305
806,0.844501686
807,0.844026489
808,0.842928505
809,0.842590179
810,0.842135353
811,0.841690025
812,0.840840073
813,0.840582352
814,0.839551163
815,0.838954735
816,0.838413048
817,0.83779316
818,0.83729126
819,0.836502152
820,0.835957565
821,0.835216484
822,0.834491386
823,0.834114304
824,0.833172531
825,0.833004112
826,0.832239723
827,0.831533051
828,0.830820198
829,0.830426178
830,0.829857292
831,0.828920174
832,0.828508225
833,0.82772049
834,0.827326469
835,0.82669529
836,0.826282234
837,0.825419197
838,0.825008354
839,0.824507675
840,0.82381382
841,0.823169823
842,0.822627449
843,0.82187027
844,0.82138752
845,0.82076664
846,0.820038681
847,0.819767151
848,0.818918037
849,0.818446579
850,0.817806587
851,0.817277794
852,0.816622925
853,0.816051483
854,0.815391579
855,0.814936867
856,0.814418526
857,0.813717651
858,0.813291969
859,0.812587166
860,0.81207058
861,0.811653252
862,0.811054039
863,0.810492477
864,0.809921837
865,0.809321861
866,0.808766594
867,0.808191071
868,0.807732925
869,0.807266083
870,0.806664543
871,0.806183128
872,0.805562668
873,0.805119095
874,0.804618263
875,0.804056053
876,0.80349781
877,0.803118553
878,0.802462158
879,0.802058067
880,0.801542778
881,0.801062088
882,0.800531082
883,0.800054359
884,0.799551582
885,0.799116707
886,0.79860775
887,0.798156815
888,0.797697258
889,0.797275314
890,0.796689262
891,0.796250114
892,0.79581665
893,0.795375214
894,0.794957352
895,0.794459
896,0.794072609
897,0.793604736
898,0.793165245
899,0.792803612
900,0.792221756
901,0.791864471
902,0.791467133
903,0.791045075
904,0.790580826
905,0.79016449
906,0.789736786
907,0.789339104
908,0.788910294
909,0.788509598
910,0.788118591
911,0.787792397
912,0.78734745
913,0.786960411
914,0.7866325
915,0.786179848
916,0.785786591
917,0.785409851
918,0.785044098
919,0.784657249
920,0.78427208
921,0.783903122
922,0.783484802
923,0.783139305
924,0.782888947
925,0.782467995
926,0.782128334
927,0.781784859
928,0.781425819
929,0.781062279
930,0.780691338
931,0.780308113
932,0.779966698
933,0.779586563
934,0.779166298
935,0.778788261
936,0.778307152
937,0.777846146
938,0.777347603
939,0.776911888
940,0.776346169
941,0.775878372
942,0.775571938
943,0.775249367
944,0.774929962
945,0.774706955
946,0.774447289
947,0.774292183
948,0.774026833
949,0.773889809
950,0.773713493
951,0.773634872
952,0.773432922
953,0.773209763
954,0.773119125
955,0.772980576
956,0.772713394
957,0.772615471
958,0.772426376
959,0.772274361
960,0.772023697
961,0.771830788
962,0.771677666
963,0.771521874
964,0.771371002
965,0.771190414
966,0.771016884
967,0.770823898
968,0.770707321
969,0.770484238
970,0.770321083
971,0.770101509
972,0.769927406
973,0.769772835
974,0.769571152
975,0.769412575
976,0.769247856
977,0.769087257
978,0.768951035
979,0.768751717
980,0.768549423
981,0.768390083
982,0.768283005
983,0.768180809
984,0.767947502
985,0.767821884
986,0.767690277
987,0.76759594
988,0.767356606
989,0.767272034
990,0.767162743
991,0.766980591
992,0.766892853
993,0.766756859
994,0.766666641
995,0.766554489
996,0.76650238
997,0.76632431
998,0.766263237
999,0.766126556
1000,0.766006126
1001,0.765891037
1002,0.765815544
1003,0.765694428
1004,0.765593262
1005,0.765500031
1006,0.765430031
1007,0.765319634
1008,0.765233116
1009,0.765144959
1010,0.764974442
1011,0.764905663
1012,0.764843979
1013,0.764753418
1014,0.764715004
1015,0.76463932
1016,0.764582558
1017,0.764462471
1018,0.764395485
1019,0.764351463
1020,0.764325523
1021,0.764209747
1022,0.764169197
1023,0.764094086
1024,0.764130173
1025,0.764084206
1026,0.764013138
1027,0.764061966
1028,0.763966789
1029,0.763920822
1030,0.763901825
1031,0.763853378
1032,0.76384922
1033,0.763810577
1034,0.763782349
1035,0.763749199
1036,0.763688965
1037,0.763703041
1038,0.76365242
1039,0.763657837
1040,0.763580742
1041,0.763544045
1042,0.763567009
1043,0.763482628
1044,0.763476677
1045,0.763536263
1046,0.763466835
1047,0.763450508
1048,0.763517532
1049,0.763488731
1050,0.760098553
1051,0.759760819
1052,0.759955482
1053,0.760018196
1054,0.759594193
1055,0.759755688
1056,0.759991245
1057,0.760099907
1058,0.759676456
1059,0.759916382
1060,0.760594826
1061,0.759993229
1062,0.759788075
1063,0.760056648
1064,0.759481125
1065,0.759729195
1066,0.760151749
1067,0.76035656
1068,0.760225258
1069,0.760367851
1070,0.759864731
1071,0.759739018
1072,0.76034462
1073,0.760179653
1074,0.760445004
1075,0.760971069
1076,0.760858269
1077,0.760443935
1078,0.760551567
1079,0.760841827
1080,0.760749226
1081,0.760975151
1082,0.760620461
1083,0.761497631
1084,0.760597153
1085,0.761229
1086,0.760799465
1087,0.760797386
1088,0.761180401
1089,0.761444607
1090,0.761225739
1091,0.76095789
1092,0.761191387
1093,0.761416111
1094,0.761067753
1095,0.761603317
1096,0.761415463
1097,0.762378426
1098,0.761645069
1099,0.761746197
1100,0.76202013
1101,0.762272511
1102,0.761916962
1103,0.762332249
1104,0.76230938
1105,0.762770767
1106,0.762632961
1107,0.762553997
1108,0.762548409
1109,0.762755756
1110,0.762757416
1111,0.762268295
1112,0.762869167
1113,0.763373776
1114,0.762973976
1115,0.763031635
1116,0.763726482
1117,0.763317814
1118,0.763451977
1119,0.763589363
1120,0.7637286
1121,0.763796082
1122,0.763851128
1123,0.764180374
1124,0.764308224
1125,0.764267502
1126,0.764288502
1127,0.764576798
1128,0.764557877
1129,0.764764709
1130,0.764824619
1131,0.764960518
1132,0.765012264
1133,0.765269089
1134,0.765210381
1135,0.765155792
1136,0.7658675
1137,0.765590324
1138,0.765893135
1139,0.765959168
1140,0.766116295
1141,0.766010284
1142,0.765855904
1143,0.766343346
1144,0.766568756
1145,0.766337128
1146,0.766537857
1147,0.766560631
1148,0.766874733
1149,0.767278175
1150,0.767351456
1151,0.767458992
1152,0.767783051
1153,0.767458458
1154,0.76765976
1155,0.767828751
1156,0.768042946
1157,0.768009186
1158,0.768138886
1159,0.768519478
1160,0.768461151
1161,0.768618584
1162,0.768716736
1163,0.768689041
1164,0.769291916
1165,0.769141197
1166,0.769067688
1167,0.769074249
1168,0.769501419
1169,0.769563789
1170,0.769665909
1171,0.769674416
1172,0.770296822
1173,0.770477142
1174,0.769960136
1175,0.770318222
1176,0.770414925
1177,0.770631447
1178,0.770740891
1179,0.770877647
1180,0.771216507
1181,0.771420631
1182,0.771408005
1183,0.771357536
1184,0.771465797
1185,0.771720429
1186,0.771942482
1187,0.772033005
1188,0.772303619
1189,0.772268257
1190,0.772207527
1191,0.77237709
1192,0.772959633
1193,0.772769966
1194,0.772954903
1195,0.773103066
1196,0.773485794
1197,0.77332222
1198,0.77331768
1199,0.773231888
1200,0.774128227
1201,0.774084129
1202,0.77409626
1203,0.774503174
1204,0.774543152
1205,0.774600601
1206,0.774605179
1207,0.774420548
1208,0.774851151
1209,0.7750457
1210,0.774798622
1211,0.775004883
1212,0.775343246
1213,0.775625801
1214,0.775605087
1215,0.775706253
1216,0.77623024
1217,0.776412964
1218,0.776122665
1219,0.776163597
1220,0.776241798
1221,0.776445236
1222,0.777105789
1223,0.776982498
1224,0.777164574
1225,0.776542511
1226,0.77739563
1227,0.777494965
1228,0.777604523
1229,0.77732048
1230,0.777635231
1231,0.777616959
1232,0.777585564
1233,0.777520981
1234,0.77772068
1235,0.777474823
1236,0.777353058
1237,0.77714428
1238,0.777184944
1239,0.777143478
1240,0.77715332
1241,0.776787949
1242,0.777201538
1243,0.776879387
1244,0.777338982
1245,0.777405853
1246,0.777416382
1247,0.777233543
1248,0.777634163
1249,0.777843285
1250,0.777802467
1251,0.778377953
1252,0.778634872
1253,0.778721581
1254,0.779107437
1255,0.77959816
1256,0.780054588
1257,0.780017052
1258,0.780341263
1259,0.780455856
1260,0.780441818
1261,0.78100956
1262,0.781099968
1263,0.781181221
1264,0.781504631
1265,0.782055893
1266,0.782450295
1267,0.782163582
1268,0.782774391
1269,0.782811966
1270,0.782809982
1271,0.783210297
1272,0.783287201
1273,0.783443222
1274,0.78378582
1275,0.78381382
1276,0.784282875
1277,0.784262543
1278,0.784329453
1279,0.784600754
1280,0.78471138
1281,0.785039368
1282,0.784960632
1283,0.785396156
1284,0.785534172
1285,0.785462532
1286,0.785624085
1287,0.785929565
1288,0.785680847
1289,0.786053085
1290,0.786148949
1291,0.786550407
1292,0.786692085
1293,0.786867714
1294,0.787098923
1295,0.787086716
1296,0.787415237
1297,0.787257843
1298,0.78725174
1299,0.787570534
1300,0.78750618
1301,0.787829094
1302,0.787977104
1303,0.788058014
1304,0.78822258
1305,0.788164024
1306,0.788811531
1307,0.788682671
1308,0.788633919
1309,0.788768234
1310,0.788784065
1311,0.788856926
1312,0.788925362
1313,0.789248886
1314,0.789402466
1315,0.789501953
1316,0.789637108
1317,0.789601746
1318,0.789676666
1319,0.789739876
1320,0.789662895
1321,0.789874802
1322,0.789881592
1323,0.789908905
1324,0.789800797
1325,0.790065041
1326,0.790037155
1327,0.789858284
1328,0.790325508
1329,0.790186729
1330,0.789853973
1331,0.790410881
1332,0.790230789
1333,0.790094833
1334,0.790125656
1335,0.7900317
1336,0.789946251
1337,0.789785309
1338,0.789864273
1339,0.789792595
1340,0.789730186
1341,0.789706802
1342,0.78980854
1343,0.789670258
1344,0.789407272
1345,0.789547539
1346,0.789413185
1347,0.789334717
1348,0.789450913
1349,0.789398994
1350,0.789193993
1351,0.789257164
1352,0.789172554
1353,0.78911026
1354,0.789467735
1355,0.789241295
1356,0.789161568
1357,0.788830032
1358,0.789040451
1359,0.788878784
1360,0.788709335
1361,0.788676453
1362,0.788509903
1363,0.788033524
1364,0.787540131
1365,0.787131195
1366,0.786389084
1367,0.785301399
1368,0.784350777
1369,0.782348595
1370,0.779799385
1371,0.776967735
1372,0.773189049
1373,0.768850937
1374,0.763441315
1375,0.758410912
1376,0.75252224
1377,0.746925907
1378,0.742025661
1379,0.737644749
1380,0.733518562
1381,0.730807381
1382,0.728520145
1383,0.727630329
1384,0.72784586
1385,0.728238316
1386,0.729512291
1387,0.731265869
1388,0.733648472
1389,0.73597271
1390,0.738744011
1391,0.741250591
1392,0.744154606
1393,0.747038937
1394,0.750119724
1395,0.753140793
1396,0.755876884
1397,0.75829422
1398,0.761002083
1399,0.763247681
1400,0.765676231
1401,0.767599678
1402,0.76979496
1403,0.77188488
1404,0.773580895
1405,0.77501255
1406,0.776610489
1407,0.778269691
1408,0.779656219
1409,0.780886688
1410,0.78222477
1411,0.783181572
1412,0.784374085
1413,0.785442925
1414,0.786026344
1415,0.787328301
1416,0.788209152
1417,0.788736534
1418,0.789400597
1419,0.790271645
1420,0.790972137
1421,0.791511383
1422,0.791997261
1423,0.792321892
1424,0.793276024
1425,0.793802948
1426,0.794301071
1427,0.795082359
1428,0.795308418
1429,0.795411224
1430,0.796120644
1431,0.796424294
1432,0.796948624
1433,0.79719059
1434,0.797508354
1435,0.797917404
1436,0.798217583
1437,0.798495445
1438,0.798834801
1439,0.798976135
1440,0.799289818
1441,0.799634056
1442,0.799997215
1443,0.800249443
1444,0.800603104
1445,0.800896683
1446,0.801105957
1447,0.801220551
1448,0.801200485
1449,0.801538773
1450,0.801924973
1451,0.802071419
1452,0.80226841
1453,0.802510147
1454,0.802557297
1455,0.802573013
1456,0.803334541
1457,0.803080406
1458,0.803108253
1459,0.803708344
1460,0.803676758
1461,0.804061661
1462,0.80421814
1463,0.804351654
1464,0.804409027
1465,0.80446476
1466,0.8045998
1467,0.804613228
1468,0.804873619
1469,0.804840851
1470,0.804981537
1471,0.805320969
1472,0.805328255
1473,0.805461426
1474,0.805765991
1475,0.805764809
1476,0.805805092
1477,0.805870209
1478,0.805826302
1479,0.806480217
1480,0.806089211
1481,0.80640667
1482,0.806414452
1483,0.806526833
1484,0.806814842
1485,0.806549988
1486,0.806854324
1487,0.80683075
1488,0.807177391
1489,0.807471161
1490,0.807089577
1491,0.80703804
1492,0.807309074
1493,0.807714729
1494,0.807507401
1495,0.807695313
1496,0.807590828
1497,0.807953568
1498,0.807945633
1499,0.80771637
1500,0.808008423
1501,0.807982445
1502,0.808180733
1503,0.808330231
1504,0.808414421
1505,0.808290901
1506,0.808153038
1507,0.808754768
1508,0.808815765
1509,0.808885231
1510,0.808908196
1511,0.808660622
1512,0.809198837
1513,0.808720512
1514,0.809219513
1515,0.809098091
1516,0.808941383
1517,0.809068909
1518,0.809465599
1519,0.809513054
1520,0.809477119
1521,0.809800606
1522,0.809464188
1523,0.809606056
1524,0.809873314
1525,0.809732399
1526,0.809650688
1527,0.809700203
1528,0.809754639
1529,0.809929619
1530,0.810231018
1531,0.810015259
1532,0.810255623
1533,0.809888496
1534,0.810055428
1535,0.810420914
1536,0.810213165
1537,0.810605164
1538,0.810248375
1539,0.810615997
1540,0.810722847
1541,0.810360489
1542,0.81052681
1543,0.81069973
1544,0.810351334
1545,0.810804176
1546,0.811163101
1547,0.810602913
1548,0.811107712
1549,0.811175499
1550,0.811426506
1551,0.811246758
1552,0.811077919
1553,0.811538429
1554,0.81149929
1555,0.811398888
1556,0.811523705
1557,0.811174393
1558,0.811460953
1559,0.81197998
1560,0.811414146
1561,0.811436882
1562,0.811463585
1563,0.811534309
1564,0.811617661
1565,0.811949272
1566,0.812054672
1567,0.811897354
1568,0.812116585
1569,0.812028198
1570,0.812187119
1571,0.81213459
1572,0.811964073
1573,0.812536507
1574,0.811986046
1575,0.812386818
1576,0.812141151
1577,0.812394867
1578,0.812243843
1579,0.81252285
1580,0.812490921
1581,0.812686462
1582,0.812291145
1583,0.812889671
1584,0.812428207
1585,0.812438049
1586,0.812873573
1587,0.812624474
1588,0.812270203
1589,0.813011169
1590,0.812725143
1591,0.812750168
1592,0.812995453
1593,0.812932663
1594,0.812757568
1595,0.813078156
1596,0.813300743
1597,0.81306778
1598,0.813199463
1599,0.813313522
1600,0.813165436
1601,0.813361778
1602,0.813415909
1603,0.813282547
1604,0.813239632
1605,0.8134412
1606,0.813542137
1607,0.813631859
1608,0.813588219
1609,0.813871651
1610,0.813284645
1611,0.813767624
1612,0.813552666
1613,0.813235779
1614,0.813883247
1615,0.814216347
1616,0.814064789
1617,0.814063072
1618,0.813652496
1619,0.814064217
1620,0.814080887
1621,0.814043236
1622,0.813505669
1623,0.81386734
1624,0.814311829
1625,0.814180336
1626,0.813975563
1627,0.814148865
1628,0.814234238
1629,0.814527245
1630,0.814077034
1631,0.813932152
1632,0.814728546
1633,0.814425659
1634,0.814340286
1635,0.814549561
1636,0.81441494
1637,0.813758659
1638,0.814641495
1639,0.814352875
1640,0.814413567
1641,0.814643402
1642,0.814502373
1643,0.81438076
1644,0.814466858
1645,0.814679642
1646,0.814439774
1647,0.814379349
1648,0.814892769
1649,0.81508812
1650,0.81436924
1651,0.814796677
1652,0.814565544
1653,0.814878616
1654,0.81527607
1655,0.814951897
1656,0.814671669
1657,0.814710045
1658,0.815052948
1659,0.815019989
1660,0.814641647
1661,0.815178871
1662,0.815210953
1663,0.814893417
1664,0.81530426
1665,0.815064011
1666,0.814849434
1667,0.815200806
1668,0.81511898
1669,0.815037079
1670,0.815470848
1671,0.814829674
1672,0.815241432
1673,0.815522347
1674,0.815615501
1675,0.815423431
1676,0.814559746
1677,0.815521851
1678,0.815589752
1679,0.815223846
1680,0.815311279
1681,0.815082512
1682,0.815270119
1683,0.815133591
1684,0.815316238
1685,0.81556942
1686,0.815532074
1687,0.815529938
1688,0.81563694
1689,0.815169945
1690,0.815686264
1691,0.815508842
1692,0.81568367
1693,0.815583649
1694,0.815642509
1695,0.815289307
1696,0.815874939
1697,0.815390701
1698,0.815630646
1699,0.815629654
1700,0.815580101
1701,0.815913506
1702,0.815917435
1703,0.815939026
1704,0.815635185
1705,0.815561829
1706,0.816082459
1707,0.816104736
1708,0.815999374
1709,0.815902634
1710,0.816023979
1711,0.816437759
1712,0.815827599
1713,0.81574585
1714,0.816049538
1715,0.816172218
1716,0.815917625
1717,0.815845833
1718,0.815979271
1719,0.815697937
1720,0.816603737
1721,0.815920219
1722,0.816069298
1723,0.815642433
1724,0.815689926
1725,0.816254692
1726,0.816562309
1727,0.815962601
1728,0.816346664
1729,0.816158905
1730,0.816102715
1731,0.815983887
1732,0.816335449
1733,0.815848084
1734,0.815821342
1735,0.81565464
1736,0.816873016
1737,0.816795235
1738,0.815720825
1739,0.816527481
1740,0.81635109
1741,0.816134186
1742,0.816122971
1743,0.816287956
1744,0.816530838
1745,0.816781502
1746,0.816387787
1747,0.816276512
1748,0.816425285
1749,0.816504364
1750,0.816386261
1751,0.81593483
1752,0.816293449
1753,0.816335144
1754,0.816529198
1755,0.816357193
1756,0.816643066
1757,0.815852737
1758,0.81647644
1759,0.816166916
1760,0.816020966
1761,0.815990028
1762,0.816428185
1763,0.817112236
1764,0.816920509
1765,0.816087341
1766,0.81627739
1767,0.816465797
1768,0.81641613
1769,0.8159692
1770,0.816231308
1771,0.816392403
1772,0.816278725
1773,0.816512299
1774,0.816496277
1775,0.816483574
1776,0.81663681
1777,0.816138954
1778,0.816103287
1779,0.816619377
1780,0.816600952
1781,0.816486588
1782,0.816021767
1783,0.816161461
1784,0.816477623
1785,0.815934219
1786,0.816597748
1787,0.816239471
1788,0.816403351
1789,0.81671051
1790,0.815987358
1791,0.816650391
1792,0.816687355
1793,0.816954803
1794,0.816453972
1795,0.816487694
1796,0.817008858
1797,0.81656704
1798,0.816465912
1799,0.817074165
1800,0.816369286
1801,0.81631134
1802,0.8161829
1803,0.816659088
1804,0.81665184
1805,0.81703598
1806,0.816053543
1807,0.816074562
1808,0.81588398
1809,0.816306
1810,0.816590004
1811,0.815622444
1812,0.816371498
1813,0.816054802
1814,0.815995026
1815,0.816537972
1816,0.816434326
1817,0.815593948
1818,0.816698227
1819,0.815707893
1820,0.815934372
1821,0.816103401
1822,0.815876465
1823,0.816364365
1824,0.815885048
1825,0.817167625
1826,0.816474228
1827,0.81549984
1828,0.816410561
1829,0.815856705
1830,0.816515312
1831,0.816106567
1832,0.816309853
1833,0.816822357
1834,0.816238861
1835,0.815725517
1836,0.816463623
1837,0.816091499
1838,0.816949081
1839,0.816456947
1840,0.81655098
1841,0.816123695
1842,0.81577713
1843,0.815447578
1844,0.816141968
1845,0.815642738
1846,0.815050087
1847,0.815523376
1848,0.815064163
1849,0.816662827
1850,0.815115738
1851,0.815949059
1852,0.815763054
1853,0.816424027
1854,0.81567852
1855,0.815669212
1856,0.815232086
1857,0.815128593
1858,0.814713287
1859,0.815580521
1860,0.815224762
1861,0.81582859
1862,0.815667648
1863,0.815269089
1864,0.815688896
1865,0.816631393
1866,0.815302582
1867,0.816043472
1868,0.816953468
1869,0.816317864
1870,0.815654068
1871,0.815722885
1872,0.815112419
1873,0.815998878
1874,0.816388397
1875,0.81515995
1876,0.814628639
1877,0.814398308
1878,0.81554821
1879,0.815471802
1880,0.815511246
1881,0.814946404
1882,0.81580864
1883,0.815321159
1884,0.815436859
1885,0.815340576
1886,0.81533123
1887,0.814707603
1888,0.813935204
1889,0.814326401
1890,0.815092125
1891,0.814111786
1892,0.81443779
1893,0.814770088
1894,0.813825035
1895,0.81432766
1896,0.814564438
1897,0.815084114
1898,0.815499115
1899,0.815171356
1900,0.815307655
1901,0.815298157
1902,0.814536362
1903,0.81528717
1904,0.816608429
1905,0.815075607
1906,0.814568291
1907,0.814414787
1908,0.81472065
1909,0.814146919
1910,0.814443207
1911,0.814320335
1912,0.81496666
1913,0.813952217
1914,0.815898094
1915,0.8155336
1916,0.815003319
1917,0.814777069
1918,0.814500771
1919,0.814498329
1920,0.81524231
1921,0.816303062
1922,0.815349121
1923,0.815039291
1924,0.816185532
1925,0.814960899
1926,0.814698715
1927,0.814283524
1928,0.81465992
1929,0.815548744
1930,0.81363678
1931,0.815131645
1932,0.815340996
1933,0.81560566
1934,0.815215187
1935,0.814172401
1936,0.813499222
1937,0.814828529
1938,0.814582787
1939,0.814910355
1940,0.814610977
1941,0.815616188
1942,0.815458946
1943,0.814593544
1944,0.814611092
1945,0.815711098
1946,0.815103912
1947,0.815744553
1948,0.815521507
1949,0.815297279
1950,0.81482666
1951,0.81564888
1952,0.815247345
1953,0.815056114
1954,0.815766869
1955,0.814650002
1956,0.814414177
1957,0.815706444
1958,0.815353966
1959,0.815791435
1960,0.815481186
1961,0.81512207
1962,0.815966301
1963,0.815101967
1964,0.815932884
1965,0.815353813
1966,0.816116219
1967,0.814708519
1968,0.816275902
1969,0.815228806
1970,0.814631577
1971,0.815027847
1972,0.815293465
1973,0.815114327
1974,0.81592907
1975,0.815743103
1976,0.815185547
1977,0.814943581
1978,0.814812851
1979,0.814537849
1980,0.815335388
1981,0.81414093
1982,0.81548317
1983,0.814335213
1984,0.814367676
1985,0.815050049
1986,0.813764839
1987,0.814168091
1988,0.815842781
1989,0.814210243
1990,0.815494041
1991,0.814639702
1992,0.815095406
1993,0.81473465
1994,0.814862175
1995,0.815370903
1996,0.814198074
1997,0.814964829
1998,0.814071465
1999,0.814619675
2000,0.814920921
2001,0.813860931
2002,0.814165115
2003,0.813316727
2004,0.81383419
2005,0.813440361
2006,0.813787079
2007,0.813288803
2008,0.813661499
2009,0.812584915
2010,0.814052506
2011,0.81392498
2012,0.814249344
2013,0.813939934
2014,0.815168686
2015,0.813892517
2016,0.813409309
2017,0.812268906
2018,0.814498405
2019,0.812359657
2020,0.812766914
2021,0.813254738
2022,0.8121632
2023,0.812577934
2024,0.811033401
2025,0.811036034
2026,0.812244263
2027,0.809982071
2028,0.811092453
2029,0.810489197
2030,0.81237484
2031,0.810399094
2032,0.811466522
2033,0.810530396
2034,0.810818939
2035,0.80902359
2036,0.809886665
2037,0.809787941
2038,0.809694481
2039,0.809203796
2040,0.810657387
2041,0.808420677
2042,0.808501434
2043,0.809124069
2044,0.809467659
2045,0.809189262
2046,0.810206566
2047,0.808732758
2048,0.810371628
2049,0.806787987
2050,0.809669228
2051,0.808310509
2052,0.807814484
2053,0.80823246
2054,0.808484764
2055,0.808967743
2056,0.807532043
2057,0.806837921
2058,0.805722847
2059,0.806270142
2060,0.808416252
2061,0.808160057
2062,0.807253532
2063,0.806769638
2064,0.807712212
2065,0.807197571
2066,0.807006035
2067,0.807053413
2068,0.808190231
2069,0.807939339
2070,0.807411003
2071,0.80785408
2072,0.807403908
2073,0.808041458
2074,0.808637657
2075,0.807462235
2076,0.808110237
2077,0.808300324
2078,0.806628227
2079,0.807319756
2080,0.807300224
2081,0.807323074
2082,0.80920845
2083,0.809558487
2084,0.809117203
2085,0.809093132
2086,0.807425232
2087,0.807501183
2088,0.806461487
2089,0.807038498
2090,0.80920208
2091,0.806648178
2092,0.805771713
2093,0.807282486
2094,0.807879868
2095,0.807606392
2096,0.807030563
2097,0.808424644
2098,0.808066139
2099,0.807606125
2100,0.80743969
2101,0.808237648
2102,0.807996788
2103,0.806504784
2104,0.806738243
2105,0.807580681
2106,0.807182236
2107,0.807324142
2108,0.806948624
2109,0.806573753
2110,0.808308258
2111,0.806308518
2112,0.806436386
2113,0.805558777
2114,0.807388649
2115,0.803516579
2116,0.806832848
2117,0.805254631
2118,0.805585327
2119,0.805055161
2120,0.804601288
2121,0.802919121
2122,0.80530426
2123,0.804289627
2124,0.802942352
2125,0.803269272
2126,0.802727623
2127,0.804581947
2128,0.804580917
2129,0.802634621
2130,0.803884468
2131,0.803214149
2132,0.801120529
2133,0.800370293
2134,0.800852051
2135,0.801044426
2136,0.80108284
2137,0.801797371
2138,0.798852692
2139,0.798211784
2140,0.799760628
2141,0.797042923
2142,0.797777634
2143,0.797579727
2144,0.797435341
2145,0.794844246
2146,0.794173317
2147,0.794676819
2148,0.792091675
2149,0.79418602
2150,0.789237251
2151,0.790742874
2152,0.790558968
2153,0.791070633
2154,0.787090454
2155,0.785979271
2156,0.784483414
2157,0.785429573
2158,0.786742477
2159,0.785997505
2160,0.786407051
2161,0.784465904
2162,0.780950775
2163,0.781668663
2164,0.780990944
2165,0.782598801
2166,0.779625931
2167,0.779660187
2168,0.774550972
2169,0.774731941
2170,0.775272713
2171,0.772770271
2172,0.773137016
2173,0.772538948
2174,0.76961525
2175,0.767950134
2176,0.770747643
2177,0.765060692
2178,0.76751648
2179,0.761932449
2180,0.758190041
2181,0.758282204
2182,0.755206413
2183,0.751888237
2184,0.748213196
2185,0.749218979
2186,0.745517387
2187,0.738481102
2188,0.731438713
2189,0.728181648
2190,0.71995079
2191,0.714960346
2192,0.711127014
2193,0.703306122
2194,0.695697708
2195,0.681060944
2196,0.677017288
2197,0.669638996
2198,0.655706711
2199,0.647286072
2200,0.637501068
2201,0.626995773
2202,0.618747273
2203,0.611525784
2204,0.600174084
2205,0.596436577
2206,0.593357811
2207,0.590634289
2208,0.58833004
2209,0.581852627
2210,0.581199913
2211,0.578644733
2212,0.581045094
2213,0.579768448
2214,0.581174812
2215,0.584911442
2216,0.585905209
2217,0.592688427
2218,0.59179409
2219,0.596071873
2220,0.59673996
2221,0.602369766
2222,0.60616497
2223,0.608592167
2224,0.608007431
2225,0.613850632
2226,0.618557549
2227,0.619344101
2228,0.618730736
2229,0.620775204
2230,0.622273808
2231,0.627939205
2232,0.62656002
2233,0.631667442
2234,0.630225277
2235,0.631183453
2236,0.629759865
2237,0.636040993
2238,0.634852181
2239,0.635971584
2240,0.634771519
2241,0.636482677
2242,0.636790123
2243,0.635222034
2244,0.637288704
2245,0.641269245
2246,0.638216362
2247,0.643132401
2248,0.641719608
2249,0.645337219
2250,0.644167862
2251,0.649258747
2252,0.647145157
2253,0.653675041
2254,0.653775406
2255,0.656241131
2256,0.658256302
2257,0.659128437
2258,0.660527954
2259,0.666007519
2260,0.666841736
2261,0.666659222
2262,0.668269978
2263,0.672981815
2264,0.673030396
2265,0.677545643
2266,0.681053886
2267,0.681772709
2268,0.683609867
2269,0.688206081
2270,0.69039711
2271,0.691425247
2272,0.698805008
2273,0.698510742
2274,0.701804142
2275,0.702629738
2276,0.701522064
2277,0.70712719
2278,0.710250988
2279,0.709732246
2280,0.713006611
2281,0.714314613
2282,0.719545631
2283,0.719902077
2284,0.722035675
2285,0.726357574
2286,0.729313526
2287,0.730082054
2288,0.731357918
2289,0.731693764
2290,0.734271641
2291,0.735575581
2292,0.739274673
2293,0.742832451
2294,0.740561047
2295,0.742971001
2296,0.744402046
2297,0.749811668
2298,0.747022095
2299,0.749660988
2300,0.751840935
2301,0.753045769
2302,0.758383637
2303,0.759495583
2304,0.759434853
2305,0.759259186
2306,0.760064774
2307,0.765022697
2308,0.758075562
2309,0.762516441
2310,0.76325531
2311,0.762028999
2312,0.760350914
2313,0.766672592
2314,0.764447594
2315,0.768867683
2316,0.770852165
2317,0.768633347
2318,0.770350075
2319,0.769686508
2320,0.771116638
2321,0.775925827
2322,0.771808815
2323,0.774831619
2324,0.774387474
2325,0.775194016
2326,0.779267082
2327,0.776817741
2328,0.77782589
2329,0.77826149
2330,0.777833672
2331,0.777524109
2332,0.775443497
2333,0.78342308
2334,0.778353462
2335,0.782039337
2336,0.7804245
2337,0.778972282
2338,0.787132683
2339,0.781524811
2340,0.785049057
2341,0.783110847
2342,0.787235909
2343,0.780717888
2344,0.786270332
2345,0.784667206
2346,0.785239182
2347,0.788718147
2348,0.785488663
2349,0.788552551
2350,0.78479351
2351,0.778540611
2352,0.786624413
2353,0.789585876
2354,0.782790718
2355,0.783294678
2356,0.785626869
2357,0.788669777
2358,0.788716316
2359,0.788622894
2360,0.78473465
2361,0.791551247
2362,0.786894341
2363,0.786477699
2364,0.785191727
2365,0.79230072
2366,0.786597672
2367,0.787583656
2368,0.787824631
2369,0.782393341
2370,0.788004723
2371,0.785299263
2372,0.787403832
2373,0.794718361
2374,0.787104492
2375,0.78472786
2376,0.787667999
2377,0.791735764
2378,0.785124054
2379,0.786254959
2380,0.79243351
2381,0.784327011
2382,0.792278404
2383,0.789207077
2384,0.785875282
2385,0.78652935
2386,0.788120308
2387,0.786468315
2388,0.789646797
2389,0.791699142
2390,0.789361687
2391,0.78133606
2392,0.784779549
2393,0.782848892
2394,0.785741348
2395,0.785169373
2396,0.78535244
2397,0.782988091
2398,0.782767181
2399,0.785095367
2400,0.786191521
2401,0.782115936
2402,0.781937714
2403,0.777522316
2404,0.781417542
2405,0.781124458
2406,0.780220223
2407,0.776351051
2408,0.784246941
2409,0.784856911
2410,0.771449394
2411,0.777232666
2412,0.781608238
2413,0.773732224
2414,0.782798271
2415,0.774048119
2416,0.779394493
2417,0.770487785
2418,0.769475136
2419,0.77405777
2420,0.77055088
2421,0.77359745
2422,0.766828537
2423,0.780309296
2424,0.772409744
2425,0.765189667
2426,0.76833477
2427,0.759420929
2428,0.769825783
2429,0.765789299
2430,0.758289452
2431,0.761482163
2432,0.764076309
2433,0.76248951
2434,0.765549049
2435,0.763098488
2436,0.760154533
2437,0.761743431
2438,0.765596085
2439,0.75587925
2440,0.758381615
2441,0.753492699
2442,0.753992844
2443,0.756434402
2444,0.757863007
2445,0.759195976
2446,0.756273079
2447,0.750380859
2448,0.755681801
2449,0.75866909
2450,0.748559685
2451,0.752142448
2452,0.751456032
2453,0.754215813
2454,0.752045784
2455,0.748472099
2456,0.739597149
2457,0.74283638
2458,0.742187748
2459,0.752260284
2460,0.744141769
2461,0.739241676
2462,0.744152412
2463,0.74517643
2464,0.737880821
2465,0.733376446
2466,0.739636135
2467,0.729773426
2468,0.747183456
2469,0.733341103
2470,0.741421089
2471,0.740162773
2472,0.737727089
2473,0.732767258
2474,0.735422173
2475,0.736282864
2476,0.73384222
2477,0.727407646
2478,0.735183449
2479,0.729749699
2480,0.731224365
2481,0.735514183
2482,0.728511581
2483,0.722254238
2484,0.723429565
2485,0.727326832
2486,0.714706306
2487,0.721298027
2488,0.723257637
2489,0.721762905
2490,0.716209564
2491,0.710302124
2492,0.710995617
2493,0.716801834
2494,0.716681309
2495,0.71531147
2496,0.710777168
2497,0.711045704
2498,0.70993742
2499,0.702890835
2500,0.703265228
